Дата,Категория,Служба,Ранг,Имя,Год,Name,,,,
1/1/2022,Праздник,,0,Обре́зание Господне,0,The Circumcision of our Lord.,,,Ап.,Apostle
1/1/2022,Святой ,,Свт.,"Василия Великого, архиеп. Кесарии Каппадокийской.",379,"Basil the Great, archbishop of Caesarea in Cappadocia.",,,Апп.,Apostles
1/1/2022,Святой ,,Свт.,"Афанасия Полтавского, чудотворца.",1801,"Athanasius of Poltava, wonderworker.",,,Свт.,Sain Hierarch
1/1/2022,Святой ,,Мч.,Мч. Василия Анкирского.,ок. 362,Martyr Basil of Ancyra.,,,Свтт.,Sain Hierarchs
1/1/2022,Святой ,,Св.,"Емилии, матери свт. Василия Великого.",IV,"Emelia, mother of St. Basil the Great.",,,Мч.,Martyr
1/1/2022,Святой ,,Прмч.,Иеремии Леонова.,1918,Jeremiah.,,,Мчч.,Martyrs
1/1/2022,Святой ,,Сщмчч.,"Платона, еп. Ревельского, и с ним Михаила Блейве и Николая Бежаницкого пресвитеров.",1919,"Platon, bishop of Revel and priests Michael and Nikolay.",,,Прп.,Venerable
1/1/2022,Святой ,,Сщмчч.,"Александра, архиеп. Самарского, и с ним Иоанна Смирнова, Александра Иванова, Иоанна Сульдина, Александра Органова, Вячеслава Инфантова, Василия Витевского и Иакова Алферова пресвитеров.",1938,"Alexander archbishop of Samara and with him priests John, Alexander, John, Alexander, Viacheslav, Basil and James.",,,Прпп.,Venerable
1/1/2022,Особенность,,0,св. Василия Великого.,0,Basil the Great.,,,Сщмч.,Hieromartyr
1/2/2022,Святой ,,Свт. ,"Сильвестра, папы Римского.",335,"Sylvester, pope of Rome.",,,Сщмчч.,Hieromartyrs
1/2/2022,Святой ,,Прав.,"Иулиании Лазаревской, Муромской.",1604,"Juliana of Lazarevo, of Murom.",,,Прав.,Righteous
1/2/2022,Святой ,,0,"Преставление (1833), второе обре́тение мощей (1991) прп. Серафима Саровского, чудотворца.",0,"Repose (1833), the second finding of relics (1991) of Venerable Seraphim, wonderworker of Sarov.",,,Прмч.,Monk-martyr
1/2/2022,Святой ,,Прп. ,"Сильвестра Печерского, в Ближних пещерах.",XII,Sylvester of the Kiev Caves.,,,Прмчч.,Monk-martyrs
1/2/2022,Святой ,,Сщмч. ,"Феогена, еп. Парийского.",ок. 320,"Theogenes, bishop of Parium.",,,Прор.,Prophet 
1/2/2022,Святой ,,Мч.,Василия Петрова.,1942,Basil.,,,Св.,St.
1/3/2022,Святой ,,Прор.,Малахии.,400 г. до Р. Х.,Malachias.,,,Свв.,Sts.
1/3/2022,Святой ,,Мч.,Горди́я.,IV,Gordius.,,,Блж.,Blessed
1/3/2022,Святой ,,Прп. ,Женевьевы (Геновефы) Парижской.,512,Genevieve of Paris.,,,Равноап.,Equal to Apostles
1/3/2022,Святой ,,Сщмч.,Василия Холмогорова пресвитера.,1938,priest Basil Kolmogorov.,,,Равноапп.,Equals to Apostles
1/4/2022,Святой ,,0,"Собор 70-ти апостолов: Иакова, брата Господня, Марка и Луки евангелистов, Клеопы, Симеона, Варнавы, Иосии (Иуста), Фаддея, Анании, первомч. архидиакона Стефана, Филиппа, Прохора, Никанора, Тимона, Пармена, Тимофея, Тита, Филимона, Онисима, Епафраса, Архиппа, Силы, Силуана, Крискента, Криспа, Епенета, Андроника, Стахия, Амплия, Урвана, Наркисса, Апеллия, Аристовула, Родиона (Иродиона), Агава, Руфа, Асинкрита, Флегонта, Ерма, Патрова, Ермия, Лина, Гаия, Филолога, Лукия, Иасона, Сосипатра, Олимпа (Олимпана), Тертия, Ераста, Куарта, Евода, Онисифора, Климента, Сосфена, Аполлоса, Тихика, Епафродита, Карпа, Кодрата, Марка, Зины, Аристарха, Пуда, Трофима, Марка, Артемы, Акилы, Фортуната и Ахаика; Дионисия Ареопагита и Симеона Нигера.",0,"Synaxis of the Seventy Apostles: James the Brother of the Lo'rd, Mark the Evangelist, Luke the Evangelist, Cleopas the Brother of Joseph the Betrothed, Symeon the son of Cleopas, Barnabas, Justus, Thaddeus, Ananias, Stephen the Archdeacon; Philip, Prochorus, Nicanor, Timon, and Parmenas of the seven deacons; Timothy, Titus, Philemon, Onesimus, Epaphras, Archippus, Silas, Silvanus, Crescens, Crispus, Epenetus, Andronicus, Stachys, Amplias, Urban, Narcissus, Apelles, Aristobulus, Herodion, Agabus, Rufus, Asyncritus, Phlegon, Hermes, Patrobus, Hermas, Linus, Gaius, Philologus, Lucius, Jason, Sosipater, Olympas, Tertius, Erastus, Quartus, Euodias, Onesiphorus, Clement, Sosthenes, Apollos, Tychicus, Epaphroditus, Carpus, Quadratus, Mark called John, Zenas, Aristarchus, Pudens, Trophimus, Mark, Artemas, Aquila, Fortunatus, and Achaicus; Dionysius Areopagite and Simeon Niger.",,,Собор святых ,Synaxis of All Saints 
1/4/2022,Святой ,,Прп. ,"Феоктиста, игумена Кукума Сикелийского.",800,"Theoctistus, abbot at Cucomo in Sicily.",,,Перенесение мощей,Translation of the relics
1/4/2022,Святой ,,Свт.,"Евстафия I, архиеп. Сербского.",ок. 1285,"Eustathius I (Eustace), archbishop of Serbia.",,,Бессребреников,Unmercenaries
1/4/2022,Святой ,,Прп. ,"Ахилы, диакона Печерского, в Дальних пещерах.",XIV,"Aquila, deacon of the Kiev Caves.",,,,
1/4/2022,Святой ,,0,Прмч. Зосимы и мч. Афанасия,III-IV,Venerable Martyr Zosimas the and Martyr Athanasius.,,,,
1/4/2022,Святой ,,Сщмчч.,"Александра Скальского, Стефана Пономарева и Филиппа Григорьева, пресвитеров.",1933,"Alexander, Stephen and Philippe priests.",,,,
1/4/2022,Святой ,,Сщмч.,Николая Маслова пресвитера.,1939,Nicholas priest.,,,,
1/4/2022,Святой ,,Сщмч.,Павла Фелицына пресвитера.,1941,Paul priest.,,,,
1/5/2022,Праздник,,0,На́вечерие Богоявления (Крещенский сочельник).,0,Eve of the Theophany (Kreshchenskyi Sochelnik).,,,,
1/5/2022,Святой ,,0,"Сщмч. Феопемпта, еп. Никомидийского, и мч. Феоны волхва",303,"Hieromartyr Theopemptus, bishop of Nicomedia, and Martyr Theonas.",,,,
1/5/2022,Святой ,,Прп. ,Синклитикии Александрийской.,ок. 350,Syncletica of Alexandria.,,,,
1/5/2022,Святой ,,Прп. ,Симеона Псково-Печерского.,1960,Symeon of the Pskov Caves.,,,,
1/5/2022,Святой ,,Прор.,Михея.,IX в. До Р.Х.,Micah.,,,,
1/5/2022,Святой ,,Прп. ,Аполлинарии Египетской.,ок. 470,Apollinaris of Egypt.,,,,
1/5/2022,Святой ,,Прп. ,Фостирия. ,VI,Phosterius.,,,,
1/5/2022,Святой ,,Прп. ,Мины.,VI,Menas.,,,,
1/5/2022,Святой ,,Прп. ,Григория Акритского.,ок. 820,Gregory of Crete.,,,,
1/5/2022,Святой ,,Сщмч.,Андрея Зимина пресвитера.,1920,Andrew priest.,,,,
1/5/2022,Святой ,,Мч.,Иосифа Беспалова и с ним 37-ми мучеников.,1921,Joseph and with him 37 Martyrs.,,,,
1/5/2022,Святой ,,Мц.,Евгении Доможировой.,1933,Eugenia.,,,,
1/5/2022,Святой ,,Сщмч.,Сергия Лаврова пресвитера.,1934,Sergius priest.,,,,
1/5/2022,Святой ,,Мч.,Матфея Гусева.,1938,Matthew.,,,,
1/5/2022,Особенность,,0,св. Василия Великого.,0,St. Basil the Great.,,,,
1/6/2022,Праздник,,0,Святое Богоявление. Крещение Господа Бога и Спаса нашего Иисуса Христа.,,"The Holy Theophany. Baptism of Our Lord, God, and Saviour Jesus Christ.",,,,
1/6/2022,Святой ,,Свт.,"Преставление Феофана, Затворника Вышенского.",1894,Repose of St. Theophan the Recluse.,,,,
1/6/2022,Литургия ,,0,св. Иоанна Златоуста.,0,St. John Chrysostom,,,,
1/7/2022,Праздник,,0,Попразднство Богоявления.,0,Afterfeast of Theofany,,,,
1/7/2022,Святой ,,0,Собор Предтечи и Крестителя Господня Иоанна.,0,Synaxis of the Forerunner and Baptist John,,,,
1/8/2022,Святой ,,0,Прпп. Георгия Хозевита (VII) и Емилиана исп. (IX).,0,Venerables George the Chozebite (7th c.) and Emilian confessor.,,,,
1/8/2022,Святой ,,Прп.,Домники.,ок. 474,Domnica.,,,,
1/8/2022,Святой ,,Прп.,"Григория, чудотворца, Печерского, в Ближних пещерах.",1093,"Gregory, wonderworker of the Kiev Caves.",,,,
1/8/2022,Святой ,,Прп.,"Григория, затворника Печерского, в Дальних пещерах.",XII-XIV,"Gregory, recluse of the Kiev Caves.",,,,
1/8/2022,Святой ,,Сщмч.,"Исидора пресвитера и с ним 72-х, в Юрьеве Лифляндском пострадавших.",1472,"Isidore and 72 companions at Yuriev (Dorpats) in Estonia, slain.",,,,
1/8/2022,Святой ,,Прп.,Паисия Угличского.,1504,Paisius of Uglich.,,,,
1/8/2022,Святой ,,Сщмч.,"Картерия, пресвитера Кесарии Каппадокийской.",304,Carterius of Caesarea in Cappadocia.,,,,
1/8/2022,Святой ,,Мчч.,Феофила диакона и Елладия.,IV,Theophilus the Deacon and Helladius.,,,,
1/8/2022,Святой ,,Мчч.,"Иулиана, Келсия, Антония, Анастасия, мцц. Василиссы и Мариониллы, семи отроков и 20-ти воинов.",313,"Julian and his wife Basilissa, and with them Marcionilla and her son Celsus, Anthony, Anastasius, seven children, and twenty soldiers.",,,,
1/8/2022,Святой ,,Прп.,Илии Египетского.,IV,Elias the Hermit of Egypt.,,,,
1/8/2022,Святой ,,Мч.,Або Тбилисского (Груз.),786,Abo of Tbilisi (Georgia).,,,,
1/8/2022,Святой ,,Сщмч.,Виктора Усова пресвитера.,1937,Victor priest,,,,
1/8/2022,Святой ,,0,"Сщмчч. Димитрия Плышевского, Владимира Пастернацкого пресвитеров, прмч. Пафнутия Костина, мч. Михаила Новоселова",1938,"Hieromartyrs Demetrius, Vladimir priests, Paphnutius, Martyr Michael.",,,,
1/8/2022,Святой ,,Сщмч.,Василия Архангельского пресвитера.,1939,Basil priest.,,,,
1/8/2022,Святой ,,Мч.,Иоанна Малышева.,1940,John.,,,,
1/8/2022,Святой ,,Св.,"Михаила Розова исп., пресвитера.",1941,"Michael confessor, priest.",,,,
1/9/2022,Святой ,,Мч.,Полиевкта.,259,Polyeuctus.,,,,
1/9/2022,Святой ,,Свт.,"Филиппа, митр. Московского и всея России, чудотворца.",1569,"Philip, metropolitan of Moscow and all Russia, wonderworker.",,,,
1/9/2022,Святой ,,Прп.,"Ионы, в схиме Петра, Киевского, чудотворца.",1902,"Jonah, Peter in schema, of Kiev, wonderworker.",,,,
1/9/2022,Святой ,,Прор.,Самея.,X в. До Р.Х.,"Shemaiah (Samaia, Semeias).",,,,
1/9/2022,Святой ,,Свт.,"Петра, еп. Севастии Армянской.",IV,"Peter, bishop of Sebaste in Armenia.",,,,
1/9/2022,Святой ,,Прп.,Евстратия чудотворца.,IX,Eustratius the wonderworker.,,,,
1/9/2022,Святой ,,Прп.,Пахомия Кенского (переходящее празднование в субботу по Богоявлении).,XVI,Pachomius of Kensk (16th c.) (movable feast on the Saturday after the Theophany).,,,,
1/9/2022,Святой ,,Сщмч.,Павла Никольского пресвитера.,1943,Paul priest.,,,,
1/10/2022,Святой ,,Свт.,"Григория, еп. Нисского.",после 394,Gregory of Nyssa.,,,,
1/10/2022,Святой ,,Прп.,"Дометиана, еп. Мелитинского.",601,"Dometian, bishop of Melitene.",,,,
1/10/2022,Святой ,,Прп.,Маркиана пресвитера.,V,"Marcian, presbyter.",,,,
1/10/2022,Святой ,,Прп.,Павла Комельского (Обнорского).,1429,"Paul, abbot of Obnora (Vologda)",,,,
1/10/2022,Святой ,,Прп.,Антипы Валаамского (Афонского).,1882,Antipas of Valaam (of Athos),,,,
1/10/2022,Святой ,,Свт.,"Феофана, Затворника Вышенского.",1894,Theophan the Recluse.,,,,
1/10/2022,Святой ,,Прп.,Макария Писемского.,XIV,Macarius of Pisemsk.,,,,
1/10/2022,Святой ,,Блж.,"Феозвы диакониссы, сестры свт. Григория Нисского.",385,"Theosebia the Deaconess, sister of St. Gregory of Nyssa.",,,,
1/10/2022,Святой ,,Сщмч.,Зиновия Сутормина пресвитера.,1920,Zenobius priest.,,,,
1/10/2022,Святой ,,Сщмч.,Петра Успенского пресвитера.,1930,Peter priest .,,,,
1/10/2022,Святой ,,Сщмч.,"Анатолия, митр. Одесского.",1938,"Anatoliy, metropolitan of Odessa.",,,,
1/11/2022,Святой ,,Прп.,"Феодосия Великого, общих житий начальника.",529,"Theodosius the Great, the Cenobiarch.",,,,
1/11/2022,Святой ,,Прп.,"Михаила Клопского, Новгородского.",ок. 1453-1456,"Michael of Klops Monastery, Novgorod.",,,,
1/11/2022,Святой ,,Прп.,Феодосия Антиохийского.,ок. 412,Theodosius of Antioch.,,,,
1/11/2022,Святой ,,Сщмчч.,"Николая Мациевского, Феодора Антипина и Владимира Фокина пресвитеров.",1919,"Nicholas, Theodore and Vladimir priests.",,,,
1/11/2022,Святой ,,Св.,"Владимира Хираско исп., пресвитера.",1932,"Vladimir confessor, priest.",,,,
1/11/2022,Икона,,0,Елецкой иконы Божией Матери.,1060,"""Eletskaya"" Icon of Mother of God",,,,
1/12/2022,Святой ,,Мц.,Татианы и с нею в Риме пострадавших.,226-235,Tatiana and others martyred with her at Rome.,,,,
1/12/2022,Святой ,,Свт.,"Саввы, первого архиеп. Сербского.",1237,"Savva, first archbishop of Serbia.",,,,
1/12/2022,Святой ,,Прп.,Мартиниана Белоезерского.,1483,Martinian of White Lak,,,,
1/12/2022,Святой ,,Мч.,Мертия.,284-305,Mertius.,,,,
1/12/2022,Святой ,,Мч.,Петра Авессаломита (Анийского).,309-310,Peter Apselamus (of Anium).,,,,
1/12/2022,Святой ,,Прп.,Евпраксии Тавенской.,393,Eupraxia of Tabenna.,,,,
1/12/2022,Икона,,0,"Икон Божией Матери, именуемых «Акафистная» и «Млекопитательница».",0,"Icons of the Mother of God ""Akathist"" and ""The Milk-giver"".",,,,
1/13/2022,Святой ,,Мчч.,Ермила и Стратоника.,ок. 315,Hermylus and Stratonicus.,,,,
1/13/2022,Святой ,,Прп.,"Иринарха, затворника Ростовского.",1616,"Irinarch, recluse of Rostov.",,,,
1/13/2022,Святой ,,Прп.,Елеазара Анзерского.,1656,Eleazar of Anzersk.,,,,
1/13/2022,Святой ,,Мч.,Петра Анийского (Авессаломита).,309-310,Peter of Anium (Apselamus).,,,,
1/13/2022,Святой ,,Прп.,"Иакова, еп. Низибийского.",350,"James (Jacob), bishop of Nisibis.",,,,
1/14/2022,Праздник,,0,Отдание праздника Богоявления.,,Leavetaking of the Theophany.,,,,
1/14/2022,Святой ,,0,"Преподобных отец, в Синае и Раифе избиенных: Исаии, Саввы, Моисея и ученика его Моисея, Иеремии, Павла, Адама, Сергия, Домна, Прокла, Ипатия, Исаака, Макария, Марка, Вениамина, Евсевия, Илии и иных с ними.",IV-V,"The Venerable Fathers slain at Sinai and Raithu: Isaiah, Sabbas, Moses and his disciple Moses, Jeremiah, Paul, Adam, Sergius, Domnus, Proclus, Hypatius, Isaac, Macarius, Mark, Benjamin, Eusebius, Elias, and others.",,,,
1/14/2022,Святой ,,Равноап.,"Нины, просветительницы Грузии.",335,"Nina (Nino), enlightener of Georgia.",,,,
1/14/2022,Святой ,,Прп.,Иосифа Аналитина Раифского.,IV,Joseph Analytinus of Raithu Monastery.,,,,
1/14/2022,Святой ,,Прп.,Феодула. ,V,Theodulus.,,,,
1/14/2022,Святой ,,Прп.,Стефана.,VIII,Stephen.,,,,
1/14/2022,Святой ,,Прмчч.,"Раифских:Антония Чиркова, Варлаама Похилюка, Иова Протопопова, Иосифа Гаврилова, Сергия Гуськова и Петра Тупицына.",1930,"of Raithu: Antony, Barlaam, Job, Joseph, Sergiy and Peter.",,,,
1/14/2022,Святой ,,Прп.,Иоанна Кевролетина исп.,1961,John confessor.,,,,
1/15/2022,Святой ,,Прпп.,Павла Фивейского.,341,Paul of Thebes.,,,,
1/15/2022,Святой ,,Прпп.,Иоанна Кущника.,V,"John Calabytes (""Hut-dweller"")",,,,
1/15/2022,Святой ,,Прмч.,Пансо́фия.,249-251,Pansophius.,,,,
1/15/2022,Святой ,,Прпп.,Прохора (Серб).,X,Prochorus (Serbia).,,,,
1/15/2022,Святой ,,Прпп.,Гавриила (Серб).,XI,Gabriel (Serbia).,,,,
1/15/2022,Святой ,,Свт.,"Герасима, патриарха Александрийского.",1714,"Gerasimus, patriarch of Alexandria.",,,,
1/15/2022,Святой ,,Сщмч.,Михаила Самсонова пресвитера.,1942,Michael priest.,,,,
1/16/2022,Святой ,,0,Поклонение честны́м веригам ап. Петра.,0,Veneration of the Precious Chains of the Apostle Peter.,,,,
1/16/2022,Святой ,,Прав.,"Максима, иерея Тотемского.",1650, Maximus of Totma (Vologda).,,,,
1/16/2022,Святой ,,Мчч.,"Спевсиппа, Елевсиппа, Мелевсиппа, бабки их Леониллы и с ними Неона, Турвона и Иовиллы.",161-180,"Speusippus, Eleusippus, and Meleusippus, their grandmother Leonilla, and with them Neon, Turbo, and the woman Jonilla (Jovilla).",,,,
1/16/2022,Святой ,,Мч.,Данакта чтеца.,II,Danax the Reader.,,,,
1/16/2022,Святой ,,Свт.,"Гонората, еп. Арльского.",429,Honoratus the bishop of Arles.,,,,
1/16/2022,Святой ,,Сщмч.,Иоанна Петтайя пресвитера.,1919,John priest.,,,,
1/17/2022,Святой ,,Прп.,Антония Великого.,356,Anthony the Great.,,,,
1/17/2022,Святой ,,Прп.,Антония Дымского.,1224,"Anthony, abbot of Dymsk.",,,,
1/17/2022,Святой ,,Прп.,Антония Черноезерского.,XVI,Anthony of Chernoezersk.,,,,
1/17/2022,Святой ,,Сщмч.,Виктора Европейцева пресвитера.,1931,Victor priest.,,,,
1/17/2022,Святой ,,Сщмч.,Павла Успенского пресвитера.,1938,Paul priest.,,,,
1/18/2022,Святой ,,0,"Свтт. Афанасия (373) и Кирилла (444), архиепископов Александрийских.",0,"Saint Hierarchs Athanasius the Great (373) and Cyril (444), archbishops of Alexandria.",,,,
1/18/2022,Святой ,,Прпп.,"схимонаха Кирилла и схимонахини Марии, родителей прп. Сергия Радонежского.",ок. 1337,"Cyril, schemamonk, and Maria, schemanun, parents of Venerable Sergiy of Radonezh.",,,,
1/18/2022,Святой ,,Прп.,"Афанасия Сяндемского, Вологодского.",1550,"Athanasius, abbot of Syanzhema, Vologodsk.",,,,
1/18/2022,Святой ,,Прав.,Афанасия Наволоцкого.,XVI-XVII,Athanasius of Novolok.,,,,
1/18/2022,Святой ,,Прп.,Маркиана Кирского.,ок. 388,Marcian of Cyrrhus.,,,,
1/18/2022,Святой ,,Сщмч.,Михаила Каргополова пресвитера.,1919,Michael priest.,,,,
1/18/2022,Святой ,,Сщмч.,Евгения Исадского пресвитера.,1930,Eugene priest.,,,,
1/18/2022,Святой ,,Сщмчч.,"Владимира Зубковича, Николая Красовского, Сергия Лебедева, Александра Русинова пресвитеров.",1938,"Vladimir, Nicholas, Sergiy and Alexander priests.",,,,
1/19/2022,Святой ,,Прп.,"Макария Великого, Египетского.",390-391,Macarius the Great of Egypt.,,,,
1/19/2022,Святой ,,Свт.,"Марка, архиеп. Ефесского.",1444,"Mark, archbishop of Ephesus",,,,
1/19/2022,Святой ,,Блж.,"Феодора, Христа ради юродивого, Новгородского.",1392,"Theodore of Novgorod, fool-for-Christ",,,,
1/19/2022,Святой ,,Прп.,"Макария Римлянина, Новгородского.",XVI,Macarius the Roman of Novgorod.,,,,
1/19/2022,Святой ,,Прп.,"Макария, постника Печерского, в Ближних пещерах.",XII,Macarius of the Kiev Caves.,,,,
1/19/2022,Святой ,,Прп.,"Макария, диакона Печерского, в Дальних пещерах.",XIII-XIV,"Macarius, deacon of the Kiev Caves.",,,,
1/19/2022,Святой ,,0,"Обретение мощей прп. Саввы Сторожевского, Звенигородского.",1652,"Opening of the relics of Venerable Savva of Storozhev, Zvenigorod.",,,,
1/19/2022,Святой ,,Мц.,Евфрасии девы.,303,"Euphrasia, virgin.",,,,
1/19/2022,Святой ,,Прп.,Макария Александрийского.,394-395,Macarius of Alexandria.,,,,
1/19/2022,Святой ,,Свт.,"Арсения, архиеп. Керкирского.",ок. 953,"Arsenius, archbishop of Kerkyra.",,,,
1/19/2022,Святой ,,Прп.,"Антония Марткопского, столпника (Груз.).",VI,Anthony the Stylite of Martqophi (Georgia).,,,,
1/19/2022,Святой ,,Сщмч.,Петра Скипетрова пресвитера.,1918,Peter priest.,,,,
1/19/2022,Святой ,,Сщмч.,Николая Восторгова пресвитера.,1930,Nicholas priest.,,,,
1/19/2022,Святой ,,Мч.,Феодора Гусева.,1940,Theodore.,,,,
1/19/2022,Особенность,,0,День интронизации Святейшего Патриарха Московского и всея Руси Кирилла.,0,The enthronement of His Holiness Patriarch Kirill of Moscow and All Russia,,,,
1/20/2022,Святой ,,Прп.,Евфимия Великого.,473,Euthymius the Great,,,,
1/20/2022,Святой ,,Прпп.,"Евфимия схимника и Лаврентия затворника, Печерских, в Дальних пещерах.",XIII-XIV,"Euthymius the schema monk, and Laurence the recluse, of the Kiev Caves.",,,,
1/20/2022,Святой ,,Прп.,"Евфимия Сянжемского, Вологодского.",ок. 1465,"Euthymius of Syanzhemsk, Vologda.",,,,
1/20/2022,Святой ,,Мчч.,"Инны, Пинны и Риммы.",I-II,"Inna, Pinna, and Rimma.",,,,
1/20/2022,Святой ,,Мчч.,"Васса, Евсевия, Евтихия и Василида.",303,"Bassus, Eusebius, Eutychius, and Basilides.",,,,
1/20/2022,Святой ,,Прп.,Евфимия исп. (Груз.).,1944,Euthymius confessor (Georgia).,,,,
1/20/2022,Святой ,,Сщмч.,Павла Добромыслова пресвитера.,1940,Paul priest.,,,,
1/21/2022,Святой ,,Прп.,Максима Исповедника.,662,Maximus the Confessor.,,,,
1/21/2022,Святой ,,Мч.,Неофита.,303-305,Neophytus.,,,,
1/21/2022,Святой ,,Мчч.,"Евгения, Кандида, Валериана и Акилы.",III ,"Eugene, Candidus, Valerian, and Aquila.",,,,
1/21/2022,Святой ,,Прп.,Максима Грека.,1556,Maximus the Greek.,,,,
1/21/2022,Святой ,,Мц.,Агнии девы.,ок.304,Agnes virgin.,,,,
1/21/2022,Святой ,,Прп.,Анастасия исп.,662,Anastasius confessor.,,,,
1/21/2022,Святой ,,Сщмч.,Илии Березовского пресвитера.,1938,Elias priest,,,,
1/21/2022,Икона,,0,"Ктиторской (IV) и именуемой «Отрада», или «Утешение» (807), Ватопедских икон Божией Матери.",0,"""Ktitorissa"" (4c.) and ""Comfort"" or ""Consolation"" (807) Vatopedi icons of Mother of God.",,,,
1/22/2022,Святой ,,Ап.,Тимофея.,ок. 96,Timothy.,,,,
1/22/2022,Святой ,,Прмч.,Анастасия Пе́рсянина.,628,Anastasius the Persian.,,,,
1/22/2022,Святой ,,Прп.,"Макария Жабынского, Белевского, чудотворца.",1623,"Macarius, abbot of Zhabyn, Belevsk, wonderworker.",,,,
1/22/2022,Святой ,,Прмч.,"Анастасия, диакона Печерского, в Ближних пещерах.",XII,Anastasius the Deacon of the Kiev Caves.,,,,
1/22/2022,Святой ,,Мчч.,"Мануила, Георгия, Петра, Леонтия епископов, Сиония, Гавриила, Иоанна, Леонта, Парода пресвитеров и прочих 377-ми.",ок. 817,"Manuel, George, Peter, Leontius, bishops; Sionius, Gabriel, John, Leontus, Parodus, presbyters; and 377 companions.",,,,
1/22/2023,Святой ,,Сщмчч.,Иоанна Успенского и Евфимия Тихонравова пресвитеров.,1938,John and Euthymius priests.,,,,
1/23/2023,Переходящий,,,Собор новомучеников и исповедников Церкви Русской,,New Martyrs and Confessors of Russian Church (movable holiday on the Sunday closest to January 25th).,,,,
1/23/2023,Переходящий,,,"Поминовение всех усопших, пострадавших в годину гонений за веру Христову",,Remembrance of all the departed who suffered in the years of persecution for faith in Christ.,,,,
1/23/2023,Святой ,,0,"Сщмч. Климента, еп. Анкирского, и мч. Агафангела.",312,"Clement, bishop of Ancyra, and Martyr Agathangel.",,,,
1/23/2022,Святой ,,Прп.,"Геннадия Костромского, Любимоградского.",1565,Gennadius of Kostroma.,,,,
1/23/2022,Собор святых,,Собор святых ,Костромской митрополии.,0,of Kostroma.,,,,
1/23/2022,Святой ,,Перенесение мощей,"свт. Феоктиста, архиеп. Новгородского.",1786,"of Sain Hierarch Theoctistus, archbishop of Novgorod.",,,,
1/23/2022,Святой ,,Прп.,Мавсимы Сирина.,IV,Mausimas the Syrian.,,,,
1/23/2022,Святой ,,Прп.,Саламана молчальника.,ок. 400,Salamanes silentiary.,,,,
1/23/2022,Святой ,,Свт.,"Павлина Милостивого, еп. Ноланского.",431,"Paulinus the Merciful, bishop of Nola.",,,,
1/23/2022,Собор святых,,0,Воспоминание VI Вселенского Собора.,680-681,Commemoration of the Sixth Ecumenical Council.,,,,
1/23/2022,Святой ,,0,"Прмч. Серафима Булашова, прмцц. Евдокии Кузьминовой и Екатерины Черкасовой, мц. Милицы Кувшиновой.",1938,"Venerable Martyrs Seraphim, Evdokia and Ecaterine, martyr Militsa.",,,,
1/24/2022,Святой ,,Прп.,Ксении.,V,Venerable Xenia.,,,,
1/24/2022,Святой ,,Блж.,Ксении Петербургской.,XIX,Xenia of Petersburg.,,,,
1/24/2022,Святой ,,Свт.,"Герасима Великопермского, Устьвымского.",1441,"Gerasimus, bishop of Perm.",,,,
1/24/2022,Святой ,,Мч.,Иоанна Казанского.,1529,John of Kazan.,,,,
1/24/2022,Святой ,,Мчч.,Вавилы Сицилийского и учеников его Тимофея и Агапия.,III,Babylas of Sicily and his two disciples Timothy and Agapius.,,,,
1/24/2022,Святой ,,Прп.,"Македония, сирийского пустынника.",ок. 420,"Macedonius, hermit of Syria.",,,,
1/24/2022,Святой ,,Перенесение мощей ,прмч. Анастасия Пе́рсянина.,VII,of Venerable Martyr Anastasius the Persian.,,,,
1/25/2022,Святой ,,Свт.,"Григория Богослова, архиеп. Константинопольского.",389,"Gregory the Theologian, archbishop of Constantinople.",,,,
1/25/2022,Святой ,,Прп.,"Анатолия Оптинского, Старшего.",1894,"Anatoliy of Optina, the Elder.",,,,
1/25/2022,Святой ,,Сщмч.,"Владимира, митр. Киевского.",1918,"Vladimir, metropolitan of Kiev.",,,,
1/25/2022,Святой ,,Свт.,"Моисея, архиеп. Новгородского.",1362,"Moses, archbishop of Novgorod.",,,,
1/25/2022,Святой ,,Мц.,"Филицаты и сыновей ее: Ианнуария, Феликса, Филиппа, Сильвана, Александра, Виталия и Марциала.",ок. 164,"Felicitas of Rome and seven sons: Januarius, Felix, Philip, Silvanus, Alexander, Vitalis, and Martial.",,,,
1/25/2022,Святой ,,Прп.,Поплия Сирийского.,ок. 380,"Publius, ascetic of Syria.",,,,
1/25/2022,Святой ,,Прп.,Мара певца.,ок. 430,Mares the singer.,,,,
1/25/2022,Святой ,,Сщмч.,"Петра, архиеп. Воронежского.",1929,Peter archbishop of Voronezh.,,,,
1/25/2022,Святой ,,Сщмч.,"Василия, еп. Прилукского.",1930,Basil bishop of Priluksk.,,,,
1/25/2022,Святой ,,Сщмч.,Стефана Грачева пресвитера и мч. Бориса Заварина.,1938,Stephen priest and martyr Boris.,,,,
1/25/2022,Икона,,0,"Иконы Божией Матери, именуемой «Утоли моя печали».",1640,"Icon of the Mother of God ""Assuage My Sorrow"".",,,,
1/26/2022,Святой ,,Прпп.,"Ксенофонта, супруги его Марии и сыновей их Аркадия и Иоанна.",V-VI,"Xenophon and his wife, Mary, and their two sons, Arcadius and John.",,,,
1/26/2022,Святой ,,Прп.,Ксенофонта Робейского.,1262,"Xenophon, abbot of Robeika.",,,,
1/26/2022,Святой ,,Мчч.,"Анании пресвитера, Петра, темничного стража, и с ними семи воинов.",295,"Ananias presbyter, Peter, and seven soldiers.",,,,
1/26/2022,Святой ,,Прп.,Симеона Ветхого.,ок. 390,"Symeon ""the Ancient"".",,,,
1/26/2022,Святой ,,Перенесение мощей ,"прп. Феодора, игумена Студийского.",845,"of Venerable Theodore, abbot of the Studion.",,,,
1/26/2022,Святой ,,Свт.,"Иосифа, архиеп. Солунского.",830,"Joseph, bishop of Thessalonica.",,,,
1/26/2022,Святой ,,Блгв.,"Давида IV Возобновителя (Строителя), царя Иверии и Абхазии (Груз.).",1125,"David IV the Builder, king of Iberia and Abkhazia (Georgia).",,,,
1/26/2022,Святой ,,Мч.,Иоанна Попова.,1938,John.,,,,
1/27/2022,Святой ,,Перенесение мощей ,святителя Иоанна Златоуста,438,of Saint Hierarch John Chrysostom.,,,,
1/28/2022,Святой ,,Прп.,Ефрема Сирина.,373-379,Ephraim the Syrian.,,,,
1/28/2022,Святой ,,Прп.,Феодосия Тотемского.,1568,Theodosius of Totma.,,,,
1/28/2022,Святой ,,Прп.,Ефрема Новоторжского.,1053,Ephraim of Novotorzhok,,,,
1/28/2022,Святой ,,Прп.,"Ефрема Печерского, еп. Переяславского.",ок. 1098,"Ephraim of Kiev Caves, bishop of Pereyaslavl.",,,,
1/28/2022,Святой ,,Прп.,Палладия пустынника.,IV,Palladius the Hermit.,,,,
1/28/2022,Святой ,,Прп.,"Исаака Сирина, еп. Ниневийского.",VII,"Isaac the Syrian, bishop of Nineveh.",,,,
1/28/2022,Святой ,,Св.,"Феодора Богоявленского исп., пресвитера.",1933,"Theodore confessor, priest.",,,,
1/28/2022,Святой ,,Сщмчч.,"Игнатия, еп. Скопинского, Владимира Пищулина пресвитера и прмч. Варфоломея Ратных, мц. Ольги Евдокимовой",1938,"Ignatius bishop of Skopinsk, Vladimir priest and Monk-martyr Bartholomeus, Martyr Olga.",,,,
1/28/2022,Святой ,,Прп.,Леонтия Стасевича исп.,1972,"Leontius, confessor.",,,,
1/28/2022,Икона,,0,Суморинской-То́темской иконы Божией Матери.,0,"""Sumorin Totma"" Icon of the Mother of God.",,,,
1/29/2022,Святой ,,Перенесение мощей,сщмч. Игнатия Богоносца.,107,of Hieromartyr Ignatius the God-bearer.,,,,
1/29/2022,Святой ,,Свт.,"Лаврентия, затворника Печерского, еп. Туровского, в Ближних пещерах.",1194,"Laurence, recluse of the Kiev Caves and bishop of Turov.",,,,
1/29/2022,Святой ,,Свтт. ,"Герасима (1441), Питирима (1455), Ионы (1470), епископов Великопермских, Устьвымских",1441-1467,"Gerasimus (1441), Pitirim (1455), and Jonah (1470), bishops of Perm.",,,,
1/29/2022,Собор святых,,Собор святых,Коми.,0,of Komi.,,,,
1/29/2022,Святой ,,Мчч.,"Романа, Иакова, Филофея, Иперихия, Авива, Иулиана и Паригория.",297,"Romanus, James, Philotheus, Hyperechius, Abibus, Julian and Paregorius.",,,,
1/29/2022,Святой ,,Мчч.,"Сильвана епископа, Луки диакона и Мокия чтеца.",312,"Silvanus, bishop of Emesa, Luke the Deacon, and Mocius (Mucius) the Reader.",,,,
1/29/2022,Собор святых,,Собор святых,Екатеринбургских.,0,of Yekaterinburg.,,,,
1/29/2022,Святой ,,Сщмчч.,"Иоанна Гранитова и Леонтия Клименко пресвитеров, Константина Зверева диакона и с ними 5-ти мучеников.",1920,"John and Leontius priests, Constantine deacon and with them 5 Martyrs.",,,,
1/30/2022,Святой ,,0,"Собор Вселенских учителей и святителей Василия Великого, Григория Богослова и Иоанна Златоустого.",0,"Synaxis of the Three Hierarchs: St. Basil the Great, St. Gregory the Theologian, and St. John Chrysostom.",,,,
1/30/2022,Святой ,,Сщмч.,"Ипполита и с ним мчч. Кенсорина, Савина и 20-ти мучеников: Хрисии (Златы) девы и прочих.",III,"Hippolytus, of Rome, and with him Martyrs Censorinus, Sabinus and 20 martyrs: Chryse (Zlata) virgin and others.",,,,
1/30/2022,Святой ,,Блж.,Пелагии Дивеевской.,1884,Pelagia of Diveyevo.,,,,
1/30/2022,Святой ,,Прп.,"Зинона, постника Печерского, в Дальних пещерах.",XIV,Zeno the Faster of the Kiev Caves.,,,,
1/30/2022,Святой ,,Прп.,"Зинона, ученика свт. Василия Великого.",V,"Zeno, disciple of St. Basil the Great.",,,,
1/30/2022,Святой ,,Мч.,Феофила Нового.,784,Theophilus the New.,,,,
1/30/2022,Святой ,,Блгв.,"Петра, царя Болгарского.",967,"Peter, king of Bulgaria.",,,,
1/30/2022,Святой ,,Сщмч.,Владимира Хрищеновича пресвитера.,1933,Vladimir priest.,,,,
1/30/2022,Святой ,,Мч.,Стефана Наливайко.,1945,Stephen.,,,,
1/31/2022,Святой ,,Бессребреников,"мчч. Кира и Иоанна и с ними мцц. Афанасии и дочерей ее Феодотии, Феоктисты и Евдоксии.",311,"Martyrs Cyrus and John and with them Athanasia and her daughters Theoctiste, Theodota, and Eudoxia.",,,,
1/31/2022,Святой ,,Свт.,"Никиты, затворника Печерского, еп. Новгородского.",1108,"Nicetas of the Kiev Caves, bishop of Novgorod.",,,,
1/31/2022,Святой ,,Мчч.,"Викторина, Виктора, Никифора, Клавдия, Диодора, Серапиона и Папия.",251,"Victorinus, Victor, Nicephorus, Claudius, Diodorus, Serapion, and Papias.",,,,
1/31/2022,Святой ,,Мц.,Трифены Кизической,0,Tryphaenes at Cyzicus.,,,,
1/31/2022,Переходящий,, Собор святых ,Пермской митрополии (переходящее празднование в 1-е воскресенье после 29 января).,0,of Perm Metropolia (movable holiday on the Sunday after January 29th).,,,,